{"client":"Thunder Client","collectionName":"api routes","dateExported":"2022-12-09T10:54:08.436Z","version":"1.1","folders":[],"requests":[{"_id":"eeebdb85-f8fa-45bc-b6f4-fe8d0f09df9e","colId":"07a07e79-6244-45d6-84fc-2d11e6ff5d02","containerId":"","name":"add data into flowchart","url":"http://localhost:4200/data/getflowchart/add","method":"POST","sortNum":10000,"created":"2022-12-09T10:48:39.700Z","modified":"2022-12-09T10:49:14.358Z","headers":[],"params":[],"tests":[]},{"_id":"3caeec99-dad9-4820-8ce8-54b74ebd3bc0","colId":"07a07e79-6244-45d6-84fc-2d11e6ff5d02","containerId":"","name":"display data","url":"http://localhost:4200/data/getflowchart/","method":"GET","sortNum":20000,"created":"2022-12-09T10:49:34.326Z","modified":"2022-12-09T10:49:53.297Z","headers":[],"params":[],"tests":[]},{"_id":"1c1b7669-d7a2-4b8b-ae09-25fddf0cb196","colId":"07a07e79-6244-45d6-84fc-2d11e6ff5d02","containerId":"","name":"edit the record","url":"http://localhost:4200/data/getflowchart/item/edit/:id","method":"PATCH","sortNum":30000,"created":"2022-12-09T10:50:15.621Z","modified":"2022-12-09T10:51:53.325Z","headers":[],"params":[],"tests":[]},{"_id":"ae41b1c6-61ba-4a8e-8c51-6084b4c89291","colId":"07a07e79-6244-45d6-84fc-2d11e6ff5d02","containerId":"","name":"delete record","url":"http://localhost:4200/data/getflowchart/item/delete/:id","method":"DELETE","sortNum":50000,"created":"2022-12-09T10:52:17.282Z","modified":"2022-12-09T10:53:09.132Z","headers":[],"params":[],"tests":[]}]}
